color,director_name,num_critic_for_reviews,duration,director_facebook_likes,actor_3_facebook_likes,actor_2_name,actor_1_facebook_likes,gross,genres,actor_1_name,movie_title,num_voted_users,cast_total_facebook_likes,actor_3_name,facenumber_in_poster,plot_keywords,movie_imdb_link,num_user_for_reviews,language,country,content_rating,budget,title_year,actor_2_facebook_likes,imdb_score,aspect_ratio,movie_facebook_likes
Color,James Cameron,723,178,0,855,Joel David Moore,1000,760505847,Action|Adventure|Fantasy|Sci-Fi,CCH Pounder,Avatar ,886204,4834,Wes Studi,0,avatar|future|marine|native|paraplegic,http://www.imdb.com/title/tt0499549/?ref_=fn_tt_tt_1,3054,English,USA,PG-13,237000000,2009,936,7.9,1.78,33000
Color,Gore Verbinski,302,169,563,1000,Orlando Bloom,40000,309404152,Action|Adventure|Fantasy,Johnny Depp,Pirates of the Caribbean: At World's End ,471220,48350,Jack Davenport,0,goddess|marriage ceremony|marriage proposal|pirate|singapore,http://www.imdb.com/title/tt0449088/?ref_=fn_tt_tt_1,1238,English,USA,PG-13,300000000,2007,5000,7.1,2.35,0
Color,Sam Mendes,602,148,0,161,Rory Kinnear,11000,200074175,Action|Adventure|Thriller,Christoph Waltz,Spectre ,275868,11700,Stephanie Sigman,1,bomb|espionage|sequel|spy|terrorist,http://www.imdb.com/title/tt2379713/?ref_=fn_tt_tt_1,994,English,UK,PG-13,245000000,2015,393,6.8,2.35,85000
Color,Christopher Nolan,813,164,22000,23000,Christian Bale,27000,448130642,Action|Thriller,Tom Hardy,The Dark Knight Rises ,1144337,106759,Joseph Gordon-Levitt,0,deception|imprisonment|lawlessness|police officer|terrorist plot,http://www.imdb.com/title/tt1345836/?ref_=fn_tt_tt_1,2701,English,USA,PG-13,250000000,2012,23000,8.5,2.35,164000
Color,James Bobin,218,113,33,11000,Alan Rickman,40000,76846624,Adventure|Family|Fantasy,Johnny Depp,Alice Through the Looking Glass ,21352,80806,Anne Hathaway,1,clock|dark fantasy|mad hatter|queen|sequel,http://www.imdb.com/title/tt2567026/?ref_=fn_tt_tt_1,131,English,USA,PG,170000000,2016,25000,6.4,1.85,30000
Color,Chris Miller,227,93,50,692,Eric Idle,3000,320706665,Adventure|Animation|Comedy|Family|Fantasy,Justin Timberlake,Shrek the Third ,211971,4705,Rupert Everett,2,disney spoof|fairy tale|prince|princess|tough guy,http://www.imdb.com/title/tt0413267/?ref_=fn_tt_tt_1,326,English,USA,PG,160000000,2007,795,6.1,1.85,0
Color,Duncan Jones,275,123,0,648,Callum Rennie,3000,46978995,Action|Adventure|Fantasy,Dominic Cooper,Warcraft ,111609,5505,Ruth Negga,0,based on video game|fictional language|fictional war|orc|sword and sorcery,http://www.imdb.com/title/tt0803096/?ref_=fn_tt_tt_1,781,English,USA,PG-13,160000000,2016,716,7.3,2.35,89000
